﻿<?xml version="1.0" encoding="utf-8"?><meta xmlns:xsi="http://www.w3.org/2001/XMLSchema-instance" xmlns:xsd="http://www.w3.org/2001/XMLSchema"><project id="6CpNFPdZCBp" courseid="5mhOTxfIwM1_course_id" thumburl="story_content/thumbnail.jpg" title="MPI PJOK face C kelas 5" datepublished="2024-09-28T07:23:46" version="1.0.0.0" flashdata="story_content/data.swf" html5data="mobile/data.json" mobiledata="mobile/data.gz" enabledownload="false" duration="About 6 minutes" totalaudio="109140" totalvideo="201530"><description>#Pembatik2024</description><keywords /><slidemeta moniker="slide" monikerplural="slides" viewslides="17" slidecountdescription="17 slides" /><author name="Noah's Ark" email="" website="" /><application name="Articulate Storyline" version="3.20.30234.0" xmlversion="4.0" /></project></meta>